组別	owner	repo
一A	zechuncai	nfu_newmedia_python
一B	kkrrystal2	nfu_newmedia_python
一C	CherryLichan	nfu_newmedia_python
一D	Observer-L	nfu_newmedia_python
一E	LUOJIHAO	nfu_newmedia_python
一F	Ach3oh	nfu_newmedia_python
一G	SylviaTang	nfu_newmedia_python
一H	Zhou-Yu-Jin	nfu_newmedia_python
一I	vivianting	nfu_newmedia_python
二A	YouYou-Chen	nfu_newmedia_python
二B	tissues00	nfu_newmedia_python
二C	hujingyin	nfu_newmedia_python
二D	niniupiwofu	nfu_newmedia_python
二E	treeice	nfu_newmedia_python
二F	Baizui	nfu_newmedia_python
二G	Tumaorou	nfu_newmedia_python
二H	zhihaopy	nfu_newmedia_python
二I	690244957	nfu_newmedia_python
三A	hanteng	nfu_newmedia_python
=======
一A	zechuncai	nfu_newmedia_python
一B	kkrrystal2	nfu_newmedia_python
一C	CherryLichan	nfu_newmedia_python
一D	Observer-L	nfu_newmedia_python
一E	LUOJIHAO	nfu_newmedia_python
一F	Ach3oh	nfu_newmedia_python
一G	SylviaTang	nfu_newmedia_python
一H	Zhou-Yu-Jin	nfu_newmedia_python
一I	vivianting	nfu_newmedia_python
二A	YouYou-Chen	nfu_newmedia_python
二B	tissues00	nfu_newmedia_python
二C	hujingyin	nfu_newmedia_python
二D	niniupiwofu	nfu_newmedia_python
二E	treeice	nfu_newmedia_python
二F	Baizui	nfu_newmedia_python
二G	Tumaorou	nfu_newmedia_python
二H	zhihaopy	nfu_newmedia_python
二I	690244957	nfu_newmedia_python
三A	hanteng	nfu_newmedia_python
